{
        "Frequency": 4,
        "BusyTimes": {
            "6": [
                {
                    "From": 1500,
                    "To": 2100
                }
            ],
            "11": [
                {
                    "From": 1000,
                    "To": 2000
                }
            ],
            "winter_15": [
                {
                    "From": 1030
                }
            ],
            "spring_4": [
                {
                    "From": 900,
                    "To": 1630
                },
                {
                    "From": 2000
                }
            ],
            "Wed": [
                {
                    "From": 1000,
                    "To": 1200
                },
                {
                    "From": 1800,
                    "To": 1900
                },
                {
                    "From": 2300
                }
            ],
            "summer": [
                {
                    "From": 1030,
                    "To": 1740
                }
            ],
            "winter": [
                {
                    "From": 1030,
                    "To": 1430
                }
            ],
            "Sun": [
                {
                    "From": 1300,
                    "To": 2000
                }
            ]
        }
}   