{
        "Frequency": 3,
        "BusyTimes": {
            "rain": [
                {
                    "From": 600
                }
            ],
            "summer_16": [
                {
                    "From": 600
                }
            ],
            "winter_17": [
                {
                    "From": 600
                }
            ],
            "winter": [
                {
                    "From": 600,
                    "To": 1930
                }
            ],
            "Wed": [
                {
                    "From": 1200,
                    "To": 1840
                }
            ]
        }
}