{
        "Frequency": 2,
        "BusyTimes": {
            "fall_25": [
                {
                    "From": 600,
                    "To": 1700
                }
            ],
            "winter_16": [
                {
                    "From": 1600
                }
            ],
            "rain": [
                {
                    "From": 600
                }
            ],
            "Tue": [
                {
                    "From": 600,
                    "To": 1830
                },
                {
                    "From": 2200
                }
            ],
            "Fri": [
                {
                    "From": 600,
                    "To": 1700
                },
                {
                    "From": 2200
                }
            ],
            "Wed": [
                {
                    "From": 600,
                    "To": 1500
                },
                {
                    "From": 2200
                }
            ],
            "Sat": [
                {
                    "From": 600,
                    "To": 1700
                },
                {
                    "From": 2200
                }
            ],
            "Sun": [
                {
                    "From": 600,
                    "To": 1400
                },
                {
                    "From": 2200
                }
            ],
            "spring": [
                {
                    "From": 600,
                    "To": 1430
                },
                {
                    "From": 2200
                }
            ]
        }
}