{
        "Frequency": 2,
        "BusyTimes": {
            "winter_15": [
                {
                    "From": 900,
                    "To": 1200
                },
                {
                    "From": 1600
                }
            ],
            "spring_16": [
                {
                    "From": 600
                }
            ],
            "fall": [
                {
                    "From": 900,
                    "To": 1400
                }
            ],
            "Mon": [
                {
                    "From": 900,
                    "To": 1400
                }
            ],
            "Fri": [
                {
                    "From": 900
                }
            ],
            "summer": [
                {
                    "From": 900,
                    "To": 1900
                }
            ],
            "spring": [
                {
                    "From": 900,
                    "To": 1800
                }
            ]
        }
}