{
        "Frequency": 1,
        "BusyTimes": {
            "rain|fall_9": [
                {
                    "From": 600
                }
            ],
            "winter_16": [
                {
                    "From": 1620
                }
            ],
            "Tue": [
                {
                    "From": 600,
                    "To": 1600
                }
            ],
            "6|3|1|15|fall_Sun|summer_Sun|default": [
                {
                    "From": 600,
                    "To": 1600
                }
            ],
            "Fri": [
                {
                    "From": 600,
                    "To": 1400
                },
                {
                    "From": 1700
                }
            ],
            "spring": [
                {
                    "From": 600,
                    "To": 1830
                }
            ],
            "winter_Sun": [
                {
                    "From": 1100,
                    "To": 1600
                }
            ]
        }
}