{
        "Frequency": 1,
        "BusyTimes": {
            "fall_18": [
                {
                    "From": 600,
                    "To": 1900
                },
                {
                    "From": 2200
                }
            ],
            "winter_16": [
                {
                    "From": 600
                }
            ],
            "winter_18": [
                {
                    "From": 600
                }
            ],
            "spring": [
                {
                    "From": 600,
                    "To": 1640
                },
                {
                    "From": 2200
                }
            ],
            "Sat": [
                {
                    "From": 600,
                    "To": 1640
                },
                {
                    "From": 2300
                }
            ],
            "Fri": [
                {
                    "From": 600
                }
            ],
            "Mon": [
                {
                    "From": 600,
                    "To": 1300
                },
                {
                    "From": 2100
                }
            ],
            "Tue": [
                {
                    "From": 1300,
                    "To": 1850
                },
                {
                    "From": 2300
                }
            ]
        }
}