{
        "Frequency": 2,
        "Companions": [
            "Jas", 
        ],
        "BusyTimes": {
            "9": [
                {
                    "From": 1100,
                    "To": 1600
                }
            ],
            "rain2": [
                {
                    "From": 1200,
                    "To": 1600
                }
            ],
            "summer": [
                {
                    "From": 600,
                    "To": 1800
                }
            ],
            "winter_15": [
                {
                    "From": 1600
                }
            ],
            "winter": [
                {
                    "From": 900,
                    "To": 1800
                }
            ],
            "winter_4": [
                {
                    "From": 900,
                    "To": 1800
                }
            ],
            "Summer_Sun": [
                {
                    "From": 600,
                    "To": 1800
                }
            ],
            "Tue": [
                {
                    "From": 600,
                    "To": 1830
                },
                {
                    "From": 2200
                }
            ],
            "Sat": [
                {
                    "From": 600
                }
            ],
            "spring": [
                {
                    "From": 600,
                    "To": 1230
                },
                {
                    "From": 1600,
                    "To": 1840
                },
                {
                    "From": 2200
                }
            ]
        }
}