{
    "Frequency": 4,
    "Companions": [
        "Vincent",
        "Sebastian",
        "Abigail"
    ],
    "BusyTimes": {
        "rain|rain2|9": [
            {
                "From": 600
            }
        ],
        "winter_16": [
            {
                "From": 1700
            }
        ],
        "fall_11": [
            {
                "From": 600,
                "To": 1800
            },
            {
                "From": 2200
            }
        ],
        "winter": [
            {
                "From": 1320,
                "To": 1900
            },
            {
                "From": 2200
            }
        ],
        "Sat": [
            {
                "From": 1800,
                "To": 2100
            }
        ],
        "Mon": [
            {
                "From": 600,
                "To": 1700
            },
            {
                "From": 2200
            }
        ],
        "Fri": [
            {
                "From": 1500
            }
        ]
    }
}