{
        "Frequency": 3,
        "BusyTimes": {
            "rain": [
                {
                    "From": 1030,
                    "To": 1700
                }
            ],
            "rain2": [
                {
                    "From": 600,
                    "To": 1200
                },
                {
                    "From": 1500,
                    "To": 1800
                },
                {
                    "From": 2300
                }
            ],
            "winter_16": [
                {
                    "From": 1650
                }
            ],
            "fall": [
                {
                    "From": 1200,
                    "To": 1500
                }
            ],
            "summer_4": [
                {
                    "From": 600,
                    "To": 1600
                }
            ],
            "Sat": [
                {
                    "From": 600,
                    "To": 1800
                }
            ],
            "Thu": [
                {
                    "From": 1030,
                    "To": 1400
                }
            ],
            "Fri": [
                {
                    "From": 600
                }
            ],
            "spring": [
                {
                    "From": 1030,
                    "To": 1500
                }
            ]
        }
}